{"cameraMode":{"drawMode":0,"name":"Shaded","section":"Shading Mode"},"sceneLighting":true,"audioPlay":false,"sceneViewState":{"showFog":true,"showMaterialUpdate":false,"showSkybox":true,"showFlares":true,"showImageEffects":true,"showParticleSystems":true,"showVisualEffectGraphs":true,"m_FxEnabled":true},"in2DMode":false,"pivot":{"x":2.317972421646118,"y":-1.054215431213379,"z":85.45399475097656},"rotation":{"x":-0.038697630167007449,"y":-0.011094128713011742,"z":0.000430375017458573,"w":-0.9991933703422546},"size":4.3047685623168949,"orthographic":false}